Title,Company,Location,Salary,Days ago,Date Scraped,URL
Software Developer Intern,Irdeto,"Ottawa, ON",Internship / Co-op,PostedToday,"01/25/2023, 23:28:17",https://ca.indeed.com/rc/clk?jk=8280af2280ba31d1&fccid=46c644705d3bbe7a&vjs=3
Engineering Software Development Intern,Ciena,"Ottawa, ON",Full-time +1,PostedJust posted,"01/25/2023, 23:28:17",https://ca.indeed.com/rc/clk?jk=eb67dda5f53b11ad&fccid=144a39be55e8440b&vjs=3
Intern - Software Development in R&D,EXFO,"Quebec City, QC",Internship / Co-op,PostedJust posted,"01/25/2023, 23:28:17",https://ca.indeed.com/rc/clk?jk=81dd69f750b9d2b8&fccid=aed940ca07a7584d&vjs=3
Client Engagement & Protection Developer Intern (May  August 2023),BNP Paribas,"Hybrid remote in Montréal, QC",Full-time +1,PostedToday,"01/25/2023, 23:28:17",https://ca.indeed.com/rc/clk?jk=fee6d8e186217014&fccid=1392500f835bba92&vjs=3
Software Engineer Internship,Schneider Electric,"Dollard, QC",Full-time +1,PostedToday,"01/25/2023, 23:28:17",https://ca.indeed.com/rc/clk?jk=e9984e039e646a2e&fccid=8dc4399ddb463d4a&vjs=3
SAP iXp Intern - Agile Developer - Performance and Reliability - Analytics Cloud,SAP,"Vancouver, BC",Internship / Co-op,PostedToday,"01/25/2023, 23:28:17",https://ca.indeed.com/rc/clk?jk=8c712a23ea60acdd&fccid=156c7820d1988640&vjs=3
SAP iXp Intern - Developer in Assembly and Build Operations,SAP,"Vancouver, BC",Internship / Co-op,PostedToday,"01/25/2023, 23:28:17",https://ca.indeed.com/rc/clk?jk=7db3e66e5bda5432&fccid=156c7820d1988640&vjs=3
Frontend Development Intern,The Leap Corp.,Remote,$25.95$29.95 an hour,PostedToday,"01/26/2023, 10:48:56",https://ca.indeed.com/company/George-Weston-Limited/jobs/Frontend-Development-Intern-d664c4bb94a78e89?fccid=37f92e0e87254215&vjs=3
Firmware Engineering Coop Student Intern,Schneider Electric,"Victoria, BC",Internship / Co-op,PostedJust posted,"01/26/2023, 10:48:56",https://ca.indeed.com/rc/clk?jk=cbea3d0015c68e00&fccid=8dc4399ddb463d4a&vjs=3
Student Intern - DevOps (Summer Term),TMX Group Limited,"Montréal, QC",Full-time +1,PostedToday,"01/26/2023, 18:07:46",https://ca.indeed.com/rc/clk?jk=6ba3a62812d89dd5&fccid=e703782e9a357fad&vjs=3
Front-End Development Intern,Nuance,"Montréal, QC",Full-time +1,PostedJust posted,"01/26/2023, 23:59:54",https://ca.indeed.com/rc/clk?jk=59939a6f58a6640c&fccid=70a7f49a5b57c331&vjs=3
"Intern, Software Developer",Autodesk,"Hybrid remote in Toronto, ON",Full-time +1,PostedJust posted,"01/27/2023, 13:38:43",https://ca.indeed.com/rc/clk?jk=077438f3f36f8604&fccid=7136762d065a5ad7&vjs=3
Software Developer Coordinator (Intern),Genesys,"Markham, ON",Internship / Co-op,PostedJust posted,"01/27/2023, 13:38:43",https://ca.indeed.com/rc/clk?jk=6407b167c9761c1b&fccid=78ba8c9950e5297a&vjs=3
SAP iXp intern - Cloud Infrastructure DevOps,SAP,"Montréal, QC",Part-time +1,PostedToday,"01/27/2023, 13:38:43",https://ca.indeed.com/rc/clk?jk=ee68143b4c17ad31&fccid=156c7820d1988640&vjs=3
"Software Engineer Intern, Voltron + Prisma (Summer 2023)",Ripple,"Toronto, ON",Full-time +1,PostedToday,"01/27/2023, 23:58:20",https://ca.indeed.com/rc/clk?jk=755f3d84793fdc20&fccid=5831e1f260dfbb85&vjs=3
,,,,,,
Internship opportunities in IT,National Bank of Canada,"Remote in Montréal, QC",Full-time +2,PostedToday,"01/28/2023, 13:51:29",https://ca.indeed.com/rc/clk?jk=4acd74bda244e00c&fccid=bb42ba28e525eb20&vjs=3
